Nr.|Sprecher/Regie|Text|Filmnr.
3|Regie|BLACK CONTINUES ELVISH SINGING A WOMAN'S VOICE IS whispering, tinged with SADNESS and REGRET|1
7|Regie|FLICKERING FIRELIGHT. The NOLDORIN FORGE in EREGION. MOLTEN GOLD POURS from the lip of an IRON LADLE.|1
9|Regie|THREE RINGS, each set with a single GEM, are received by the HIGH ELVES-GALADRIEL, GIL-GALAD and CIRDAN.|1
11|Regie|SEVEN RINGS held aloft in triumph by the DWARF LORDS.|1
13|Regie|NINE RINGS clutched tightly by the KINGS OF MEN as if holding-close a precious secret.|1
20|Regie|An ancient PARCHMENT MAP of MIDDLE EARTH moving slowly across the MAP as if drawn by an unseen force the CAMERA closes in on a PLACE NAME MORDOR.|1
22|Regie|SAURON forging the ONE RING in the CHAMBERS of SAMMATH NAUR.|1
26|Regie|THE ONE RING falls through SPACE and into flames.|1
28|Regie|A GREAT SHADOW falls across the MAP closing in around the realm of GONDOR.|1
29|Regie|SCREAMING VILLAGERS, MEN, WOMEN, AND CHILDREN, RUN|1
30|Regie|from their homes, pursued by ARMIES OF HIDEOUS ORCS.|1
39|Regie|THE BATTLE OF DAGORLAD THE ELF LORD, ELROND,|1
40|Regie|commands rank after rank of ELVEN ARCHERS ORCS RETREATING before the ARMY of the LAST ALLIANCE ELENDIL holds aloft the great sword NARSIL.|1
42|Regie|THE HUGE, DARK FIGURE OF SARURON, bearing the ONE RING on his finger, looms over the field of battle.|1
44|Regie|SAURON lays waste to the armies of the LAST ALLIANCE. With desperate courage, ELENDIL leads a charge THE BLACK MACE OF SAURON LASHES OUT ELENDIL'S body falls like a crumpled rag doll ISILDUR cradles the body of his father in his arms. The SHADOW OF SAURON falls over him.|1
46|Regie|ISILDUR snatches up the BROKEN BLADE OF NARSIL The BLADE severs SAURON'S FINGERS AND THE ONE RING FLIES from his body.|1
48|Regie|GONE VAPORIZED. ISILDUR picks up the SEVERED FINGER and removes the ONE RING transfixed.|1
54|Regie|SUDDENLY. ARROWS FLY. They are ambushed by ORCS ISILDUR SCREAMS.|1
56|Regie|ISILDUR MATERIALIZES UNDER WATER as THE RING slips slowly from his finger. Ripples of LIGHT play across ISILDUR'S PALE FACE he is DEAD.|1
58|Regie|THE RING falls through the MURKY WATERS of the RIVER ANDUIN.|1
62|Regie|The waters of the ANDUIN RIVER lie dark and undisturbed.|1
64|Regie|SILT SWIRLS A THIN WHITE HAND reaches down grasping the RING.|1
66|Regie|THE THIN WHITE HAND opens to reveal one ring.|1
70|Regie|MIST SHROUDED MOUNTAINS.|1
72|Regie|THE GLOOM of a MOUNTAIN CAVERN a MURKY POOL of WATER in the DARKNESS the SHADOWY OUTLINE of an EMACIATED FIGURE.|1
78|Regie|Bathed in COLD MOONLIGHT, the WORLD lies DARK and STILL the unsettled quiet before the storm.|1
80|Regie|unseen by its KEEPER THE RING falls to the MUDDY FLOOR of a MOUNTAIN TUNNEL.|1
83|Regie|FUMBLING in the dark, a SMALL HAND closes over the|1
86|Regie|RING.|1
89|Regie|A YOUNGISH LOOKING BILBO BAGGINS peers down at what lies in his hand PERPLEXED by what he has found.|1
92|Regie|SUDDENLY. A VOICE SCREAMS ITS ANGUISH RINGING through the|1
93|Regie|COLD, DANK TUNNELS.|1
95|Regie|Frightened Bilbo quickly POCKETS the ONE RING and hurries on.|1
97|Regie|THE CAMERA SOARS AWAY FROM THE MOUNTAINS. MOVING|1
98|Regie|FASTER AND FASTER THEIR DARK GREEN FORESTS AND JAGGED|1
99|Regie|WHITE PEAKS RECEDING INTO THE SHROUD OF MIST|1
104|Regie|TWO HOBBIT FEET|1
105|Regie|resting on a small rock rising out of the LONG, OVERGROWN GRASSES a Figure lies beneath the dappled sunlight of an old tree.|1
108|Regie|White flowers are scattered among the Well seeded grasses. An idyllic setting at the end of a long hot summer the figure is reading a book. In the distance, growing louder over the Gentle clip clop of an approaching cart and horse can be heard the HUMMING OF A DEEP VOICE to the tune of "The Road Goes Ever On and On "|1
109|Regie|SUDDENLY. The figure in the grass sits up looking straight at camera is a handsome young HOBBIT, with dark curly hair and deep blue eyes. This is FRODO BAGGINS his EYES alight with EXCITEMENT. Tossing away the long stem of grass in his mouth, Frodo runs off.|1
112|Regie|The cart rattles along a leafy lane, driven by a stooped figure in Grey.|1
113|Regie|INTERCUT WITH SHOTS OF FRODO RUNNING CAREERING DOWN A|1
114|Regie|HILL JUMPING OVER LOGS DODGING TREE BRANCHES.|1
116|Regie|The shambling OLD PONY snorts and rears as SUDDENLY FRODO appears on a bank above the cart.|1
118|Regie|GANDALF glowers at the young Hobbit.|1
120|Regie|They look at each other a moment then both start laughing as FRODO'S face breaks into a smile and he leaps on to the front seat of the cart.|1
122|Regie|Next to Gandalf, we see how small Hobbits are Frodo is 3 foot 6 inches tall.|1
128|Regie|The cart rattles past a FIELD LUPIN being tended by|1
129|Regie|HOBBITS.|1
132|Regie|Gandalf looks down at Frodo, a twinkle in his eye.|1
134|Regie|The cart rattles over a Stone bridge towards a Busy Hobbit Marketplace.|1
136|Regie|Gandalf as he surveys the peaceful scene before him.|1
139|Regie|Hobbits look up exclaiming in wonder and excitement as the cart bearing Gandalf and Frodo rolls past the Green Dragon Inn towards The party field. Where scOrcs of Hobbits are busy preparing for the big night.|1
149|Regie|Frodo shoots a knowing look, as Gandalf averts his eyes.|1
157|Regie|ODO PROUDFOOT looks up as the Cart passes by, deeply suspicious.|1
161|Regie|As the cart rattles into the small village of Hobbiton a quaint rustic settlement, nestled amongst rolling green hills and large trees.|1
164|Regie|The Hobbits live in Hobbit Holes neat burrows dug into the grassy hillside, with round doors and cute front gardens.|1
166|Regie|Excited children, chasing after the cart.|1
168|Regie|Gandalf ignOrcs the children's cries. The children stand deflated, watching Gandalf disappear up the lane. At that moment spinning balls of bright color suddenly leap out of the cart, fizzing over the heads of the delighted children.|1
170|Regie|Gandalf smiling to himself, well pleased with his joke. ODO PROUDFOOT is unable to suppress a chuckle. Frodo stands up in the cart as Gandalf reigns in the horse.|1
175|Regie|GANDALF'S CART pulls up outside the gate to BAG END a particularly fine example of a Hobbit hole, with a large round front door set into a grassy hillside. There is a sign on the gate which reads "NO ADMITTANCE EXCEPT ON PARTY BUSINESS." Gandalf strides up to the garden path of Bag End. He raises his staff and raps on the front door a voice calls out|1
178|Regie|Suddenly the door opens and BILBO BAGGINS stands before him. He is a HOBBIT OF INDERTIMINATE AGE, with a mischievous Twinkle in his eye. Wearing a dashing brocade waist coat, he looks every inch the eccentric gentleman.|1
185|Regie|Gandalf drops to his knee to embrace his old friend.|1
187|Regie|Gandalf looks at him more keenly.|1
192|Regie|Bilbo leads Gandalf into Bag End cozy and cluttered with souvenirs of Bilbo's travels. Gandalf has to stoop to avoid hitting his head on the low ceiling. Bilbo hangs up Gandalf's hat on a peg and trots off down the hall.|1
194|Regie|Bilbo disappears into the kitchen as Gandalf looks around enjoying the familiarity of Bag End he turns, knocking his head on the light and then walking into the wooden beam. He groans.|1
198|Regie|Gandalf stops in front of a framed map, charred in one corner it is Thorin's map of the Lonely Mountain, Gandalf smiles to himself.|1
200|Regie|Bilbo jumps, a half eaten pork pie in his hand, as Gandalf mysteriously appears behind him.|1
205|Regie|Bilbo Baggins, you open this door I know you're in there.|1
207|Regie|Gandalf watches, amused as Bilbo tries to hide.|1
222|Regie|Bilbo's fingers close around his waistcoat pocket gripping a small, unseen object.|1
228|Regie|Gandalf and Bilbo are sitting on the Bag End porch. Below them, final preparations are being made on the Party field. Bilbo strikes a match and lights his pipe.|1
230|Regie|Bilbo blows a perfect smoke ring and watches it rise into the air. A tiny sailing ship with masts and sails glides through the Center of Bilbo's smoke ring.|1
234|Regie|BOOM. A FIREWORK explodes into the night sky high above Hobbiton in the shape of a great green tree with unfolding branches. with glowing flowers as they rain down from the branches evaporating just above the up turned faces of the delighted party-goers 144 Hobbits, feasting and drinking Carts of beer and wine are scattered about, and the tables are piled high with steaming scones and savories. Gandalf hurries about, lighting fireworks with a blue spark that dances magically from his staff Bilbo is greeting visitors. Frodo and SAM sit at a table drinking ale Frodo notices Sam's eyes keep flicking to another pretty Hobbit, Rosie Cotton, sitting some distance away.|1
238|Regie|Sam goes to drain his glass suddenly it is snatched out of his hands as Frodo thrusts him into the middle of a passing throng of dancers.|1
241|Regie|SAM'S HORRIFIED FACE|1
242|Regie|as he is Swept away. Frodo laughs and finishes Sam's beer.|1
244|Regie|Gandalf as he sets alight a particularly spectacular firework that draws gasps of admiration from the party guests.|1
245|Regie|Bilbo is relating stories of his adventure to a group of young hobbit children.|1
247|Regie|A LITTLE HOBBIT GIRL'S|1
248|Regie|upturned face her eyes growing larger and larger.|1
250|Regie|STUNNED GASPS from his young Audience greet his astonishing feat. MERRY AND PIPPIN, two mischievous Young Hobbits in their late teens. Pippin scrambles on to the back of Gandalf's wagon, snatching up a small firework|1
252|Regie|Merry is holding out the big rocket he looks aghast at the fizzing fuse that Pippin has just lit.|1
257|Regie|Merry fearfully tosses the Rocket to Pippin. The fuse sizzles angrily.|1
260|Regie|Pippin attempts to throw the fizzing rocket back to Merry. WHOOSH. The two hobbits are suddenly blown off their feet in a shower of sparks as the rocket blasts off with frightening power. The ROCKET ZOOMS over the Party It suddenly bursts apart, forming the shape of a great red golden Dragon. Fire gushes from its nostrils as it turns back and Flies low towards the startled crowd. Frodo watches the Fireworks Dragon with alarm but Bilbo is oblivious to the Panicking crowd and impending danger.|1
263|Regie|FRODO|1
264|Regie|As he hurriedly pulls Bilbo to the ground, just as the dragon roars a few feet above their heads like a flaming express train. Hobbits dive to the ground, tables overturn, tents collapse, food flies everywhere. The fireworks dragon turns a somersault and explodes over the hills with a deafening bang. This gets the biggest Cheer of the night.|1
265|Regie|MERRY AND PIPPIN,|1
266|Regie|clothes and hair smoking.|1
269|Regie|LARGE HANDS suddenly clamp down on Merry and Pippin's ears. Gandalf looking DOWN STERNLY.|1
275|Regie|MERRY AND PIPPIN|1
276|Regie|Are leaning over a barrel, washing dishes in soapy water with Gandalf sitting nearby, smoking his pipe and sipping an ale. Cries of "SPEECH. SPEECH" erupt from the party.|1
278|Regie|Bilbo stepping on a stool he bows in gratitude at the applause.|1
281|Regie|A HOBBIT WITH PARTICULARLY BIG FEET|1
285|Regie|SCATTERED CLAPPING as the guests try to work out if that was a compliment or not. FRODO AND GANDALF smiling to themselves. Bilbo a strange hum seems to fill his head. A bead of sweat rolls down his brow.|1
286|Regie|Bilbo's hand pulls something out of his waistcoat pocket and holds it behind his back.|1
292|Regie|Bilbo instantly vanishes. The party explodes into an uproar the crowd leaps to its feet.|1
293|Regie|FRODO|1
294|Regie|staring at the empty stool in disbelief.|1
297|Regie|The party is still in an excited uproar some 50 yards away as we pan across a moonlit lane to the front door of Bag End. Door opens, pulled by an invisible hand.|1
299|Regie|The door quietly closes Bilbo materializes as he pulls a plain gold ring off his finger. Bilbo laughs as he tosses the ring in the air, then places it in his pocket.|1
301|Regie|Bilbo emerges from the passage, carrying a walking stick. He finds Gandalf looming over him.|1
312|Regie|Bilbo he gives Gandalf a look and nods toward the mantelpiece.|1
317|Regie|GANDALF LOOKS DOWN AT BILBO WITH RISING CONCERN.|1
327|Regie|Gandalf rises to his full height, his eyes flash, his shadow suddenly seems to fill the room|1
332|Regie|Bilbo lifts his knapsack and heads for the front door.|1
340|Regie|Bilbo hesitates reaches into his pocket.|1
342|Regie|Bilbo pulls out the ring he stares at it in his palm. With all his will power, Bilbo allows the ring to slowly slide off his palm and drop to the floor. The tiny ring lands with a heavy thud on the wooden floor.|1
345|Regie|Bilbo staggering out of Bag end he braces himself in the night air, Pale and Trembling, as if his loss of the ring has weakened him. Gandalf steps up behind.|1
350|Regie|Bilbo walks away from Bag End, disappearing into the night, softly singing "The Road goes on and on."|1
354|Regie|THE RING Glinting on the floor Gandalf circles around it, a Puzzled look on his face. Gandalf slowly reaches for the ring. His fingers barely touch the ring the creepy Hum rises on the soundtrack. Gandalf is sitting in front of the fire, with his pipe staring into the flickering flames.|1
361|Regie|Frodo rushes into Bag End he stops and picks up the ring at his feet. Gandalf continues staring into the fire, as if locked in thought.|1
367|Regie|Gandalf turns his eyes locking onto the ring in Frodo's fingers.|1
369|Regie|Gandalf sorts hurriedly through Bilbo's papers.|1
371|Regie|Gandalf holds out the envelope Frodo drops the ring into it.|1
373|Regie|Gandolf seals the envelope with wax. He hands it to Frodo.|1
382|Regie|Gandalf is already at the door, he turns to Frodo.|1
384|Regie|Gandalf hurries out the door leaving FRODO standing alone in the Bag End.|1
385|Regie|THE ENVELOPE|1
386|Regie|The camera pushes in the hum of the ring comes up on the soundtrack. The camera pushes through the white paper to the ring beneath the hum the whispered murmur of BLACK SPEECH can be heard.|1
389|Regie|The jagged ruins of" BARAD-DUR. THE DARK TOWER. TEASING THE HUGE DARK TOWER OF BARAD-DUR is being rebuilt. Thousands of ORCS crawl over the surface, hauling stone and iron up the towering heights.|1
390|Regie|MOUNT DOOM A HUGE, BILLOWING CLOUD OF BLACK FILTH|1
391|Regie|grows and spreads across the red streaked sky casting a shadowy pall over the nightmarish landscape.|1
398|Regie|NINE BLACK RIDERS burst out of Minas Morgul and charge toward Camera.|1
400|Regie|A LONE HORSEMAN gallops to the crest of a hill on the west road. The main highway south to Minas Tirith he looks toward the saw toothed mountains of Mordor  seeping out across the blood red sky, his face grave. He spurs his horse on.|1
403|Regie|GANDALF|1
404|Regie|making is way down into the lower depths of the Citidel.|1
407|Regie|Pages flipping as Gandalf searches ancient scrolls and books placed high on a wooden table. His eyes settle on one old parchment. He murmurs hurriedly to himself, reading.|1
410|Regie|ISILDUR, TRIUMPHANT, REACHES FOR THE ONE RING, HIS|1
411|Regie|EYES FIXATED ON IT.|1
417|Regie|ELVISH LETTERING MARKS ON THE FADED OLD DOCUMENT|1
418|Regie|IN GANDALF'S HAND.|1
422|Regie|FARMER MAGGOT is chopping wood in his garden SNORTING HORSE NOSTRILS as the shadow of a black rider looms over a Hobbit House. Terrified, FARMER MAGGOT cowers in his doorway FANG, his dog, Whimpers and backs away.|1
425|Regie|The BLACK RIDER GALLOPS AWAY AT SPEED|1
428|Regie|ROSIE COTTON|1
429|Regie|bids the last of the Patron's "Goodnight" Sam meets her eyes for a moment as he and Frodo leave the inn.|1
433|Regie|FRODO FAREWELLS SAM outside Bag End, and heads towards the front door. Creepy POV from inside Bag end Frodo coming up the path.|1
437|Regie|FRODO enters Bag End he immediately Pauses, sensing that something is amiss. All is quiet Frodo peers uneasily into the darkened living room. SUDDENLY. A large figure looms out of the shadows, reaching for Frodo. Frodo lets out a startled cry, pulls himself free and spins around to face his Assailant. Gandalf steps into a shaft of moonlight. Paranoia blazes in his eyes. His clothes are dirty and ragged from much traveling. Hair and beard much longer an unkempt.|1
441|Regie|Frodo pulls the envelope out of an old chest. Gandalf, suspicious, Alert. Without a word, Gandalf takes the envelope and tosses it into the fireplace.|1
443|Regie|Flames instantly consume the envelope revealing the ring, as it sinks into the red hot embers. Gandalf reaches into the fire with a pair of tongs he lifts the ring out.|1
445|Regie|Gandalf drops the ring into Frodo's hand he reacts to its weight.|1
452|Regie|GANDALF STILL TENSE|1
455|Regie|Mordor?|1
457|Regie|In the common tongue it says, "One ring to rule them all, One ring to find them, One ring to bring them all, and in the darkness bind them."|1
460|Regie|The ring lies on Frodo's simple kitchen table.|1
462|Regie|FRODO STUNNED|1
467|Regie|emanates from the Ring. Frodo looks at Gandalf, each knowing the other has heard it.|1
469|Regie|THE RING|1
470|Regie|lies between them on the table.|1
475|Regie|FRODO|1
476|Regie|hurriedly entering the living room.|1
479|Regie|Gandalf looks at Frodo, sadly.|1
486|Regie|A teasing Glimpse of Gollum being tortured by the Orcs. The wretched creature screams in pain.|1
491|Regie|FRODO'S HORRIFIED FACE.|1
495|Regie|On a dark country lane, a Hobbit bounder lifts his watch lantern in alarm.|1
497|Regie|Out of the darkness thunder two BLACK RIDERS A LETHAL SWORD swings down at the small Hobbit bounder.|1
500|Regie|FRODO thrusts the ring at Gandalf.|1
509|Regie|THE RING IN FRODO'S HAND.|1
513|Regie|THE RING IN FRODO'S CLENCHED HAND.|1
517|Regie|FRODO|1
518|Regie|throwing clothes into a knapsack Gandalf watches him, making plans.|1
530|Regie|Frodo is preparing to leave.|1
534|Regie|Gandalf looks at the young Hobbit, moved by his courage.|1
536|Regie|SUDDENLY. A SOUND from outside.|1
538|Regie|GANDALF FREEZES he moves quietly towards the window, eyes wide with tension. He raises his staff above the window, and slams it down on the intruder. THERE IS A YELP OF PAIN.|1
541|Regie|Gandalf hauls a small figure into the room SAM GAMGEE sprawls across the floor. He looks up in terror as Gandalf looms over him.|1
549|Regie|FRODO SMILES|1
553|Regie|HOBBITON shrouded in a white veil of MIST. To reveal Gandalf, Frodo and Sam hurrying across a ploughed field, away from Hobbiton. Gandalf leads his Horse Frodo and Sam are carrying knapsacks.|1
560|Regie|Gandalf leads Frodo and Sam under the cover of Woods.|1
562|Regie|Gandalf takes Frodo to one side.|1
564|Regie|FRODO NODS he pats his pocket.|1
568|Regie|FRODO AND SAM hiking over the gentle Shire Countryside wading through a shallow stream heating a kettle over a small fire clambering over stone walls.|1
571|Regie|Sam stops short taking stock of his surroundings. Sam looks back from where they came.|1
578|Regie|FRODO gives Sam a pat on the shoulder.|1
580|Regie|Sam takes a deep breath and steps forward. SAM'S brown, furry foot hits the ground.|1
581|Regie|FRODO IS SMILING.|1
583|Regie|Frodo and Sam continue their journey.|1
587|Regie|Gandalf is galloping along the outskirts of the ancient forest of Fangorn. Nestled in a basin at the foot of the distant Misty Mountains, the tall black tower of Orthanc is clearly visible|1
589|Regie|Gandalf gallops through the gate, into the fortress of ISENGARD a great ring-wall of stone, a mile from rim to rim, encloses beautiful trees and gardens, watered by streams that flow down from the mountains.|1
591|Regie|The strange tower of Orthanc hewn from a solid pillar of black obsidian rises up in the center of the Isengard Circle. Gandalf arrives at the foot of the Orthanc Stairs.|1
594|Regie|SARUMAN, THE WHITE WIZARD|1
595|Regie|he sweeps down the Orthanc stairs.|1
597|Regie|Gandalf moves quickly towards him, grimy and weary from his long ride.|1
601|Regie|Gandalf and Saruman walk slowly between the beautiful trees of Isengard, Saruman's clean, white robe contrasts with Gandalf's dusty grey robes.|1
611|Regie|Saruman and Gandalf are seated in a small, cluttered room to the side of the cavernous central chamber.|1
620|Regie|Gandalf and Saruman stride through Orthanc toward a stone plinth on which a sphere like shape is draped with a cloth.|1
622|Regie|Saruman lifts the cloth to reveal the Palantir.|1
625|Regie|FLASH A FIERY EYE.|1
626|Regie|Saruman sits upon his throne.|1
635|Regie|Gandalf backs away and turns to run to the door horrified as the doors suddenly slam shut.|1
637|Regie|Gandalf slowly turns to Saruman a look of dawning horror.|1
640|Regie|At that moment Gandalf is suddenly blasted across the room. He slams against the wall pinned there by some unseen force. With sudden effort, Gandalf wrenches himself off the wall and swings his staff on Saruman blasting him off his feet. Gandalf and Saruman battle, powerful blasts throwing them across the room. SARUMAN SCREAMS, EYES BLAZING. Gandalf's staff is suddenly wrenched from his grasp it flies across the chamber into Saruman's hand. Gandalf is flung to the floor.|1
644|Regie|Gandalf is breathing hard on the floor, his eyes look into the madness of Saruman Commanding two staffs, Saruman sends Gandalf into a sickening spin. Gandalf tumbles towards the top of the chamber as if falling in reverse. the roof of Orthanc rockets toward camera.|1
647|Regie|Frodo and Sam walking along a country lane which borders Farmer Maggot's Fields. Sam is looking up Frodo has disappeared around a corner in the lane.|1
660|Regie|Merry, Pippin, and Frodo picking themselves up a variety of vegetables have scattered everywhere.|1
663|Regie|Merry gives Sam a large cabbage.|1
665|Regie|A large pitchfork can be seen racing towards them along the Hedgerow angry shouts from Farmer Maggot.|1
667|Regie|Merry and Pippin hurriedly gather their booty and race away with Frodo and Sam on their heels.|1
671|Regie|The BAYING OF LARGE DOGS sounds.|1
678|Regie|Frodo, Sam, and Merry and Pippin tumble head over heels down a bank, onto a dark, wooded road. A winded Pippin, his face inches away from a large pile of Horse droppings.|1
680|Regie|Frodo picks himself up and looks around quickly.|1
682|Regie|Pulls a LARGE CARROT, almost broken through in the middle, out from his back pocket.|1
687|Regie|Pippin has spied something under the trees on the far side of the road.|1
689|Regie|SMALL, brown mushrooms growing amongst the Loamy undergrowth. Sam, Merry, and Pippin race toward the mushrooms. Frodo is tense and watchful. He realizes they are on a wooded road. Scattered leaves rise into the air Whirling down the road as if blown by an invisible wind.|1
692|Regie|SUDDENLY THE SOUND OF HORSES HOOVES.|1
694|Regie|A long drawn WAIL comes down the wind, like the cry of some evil and lonely creature.|1
696|Regie|Sam grabs Merry and Pippin as the Hobbits quickly scramble down the bank, hiding under a mossy log. THE SOUND OF HOOVES is close A sinister MOUNTED RINGWRATH steps into view hooded and faceless, mounted on a huge snarling black horse with insane eyes . Frodo freezes in terror. The RINGWRAITH pauses right beside their hiding place he sits very still with his head bowed, listening. From inside the hood comes a sniffing noise as if he is trying to catch an elusive scent his head turning from side to side.|1
697|Regie|FRODO|1
698|Regie|Beads of sweat gather on his brow. The ringwraith suddenly slides off his horse, leaning over the mossy log, peering suspiciously into the woods.|1
699|Regie|FRODO|1
700|Regie|He is drawing the ring out of his pocket, with trembling hands his face fevered and sweating as if in the grip of some terrible INTERNAL STRUGGLE. The SOUND OF SNIFFING intensifies as the ringwraith darts his head from side to side like a bird of party.|1
701|Regie|FRODO SQUEEZING HIS EYES SHUT.|1
702|Regie|QUICK PSYCHIC BLASTS. AND EVIL DARK TOWER A GREAT EYE A|1
703|Regie|BURST OF FLAME.|1
704|Regie|SAM LOOKING AT FRODO WITH CONCERN|1
706|Regie|Merry desperately hurls the mushrooms across the road the ringwraith spins around at the sound, and darts to the far side of the road with frightening speed. Frodo instantly slumps as if a PSYCHIC LINK had been broken|1
711|Regie|Frodo is staring, a look of shock on his face at the ring lying in the palm of his hand.|1
713|Regie|Frodo, Sam, Merry, and Pippin hurry through the trees slipping and sliding on the muddy ground.|1
717|Regie|Merry moves past pippin, toward Frodo, watching intently Sam keeps looking around nervously.|1
720|Regie|The SILHOUETTE OF A BLACK RIDER looms against the skyline. The Four Hobbits sprawled on the ground, holding their breath. The BLACK RIDER turns and departs.|1
722|Regie|Merry looks at his friend realizing Frodo is in deep trouble.|1
724|Regie|The Hobbits break cover. SUDDENLY, A RINGWRAITH bursts out of the forest TOWARD THEM.|1
726|Regie|The Hobbits run THE RINGWRAITH SHRIEKS.|1
734|Regie|FRODO, SAM, MERRY AND PIPPIN, are running towards the wide, placid Brandywine river and the FERRY.|1
736|Regie|STOMPING HOOVES SNARLING HORSES.|1
737|Regie|Four RINGWRAITHS are speeding through the Fog converging on the FERRY CROSSING. The HOBBITS stampede across the Wharf and Tumble onto the Ferry.|1
739|Regie|Frodo races across the Wooden Wharf, followed by the ringwraiths. He leaps into the Ferry.|1
740|Regie|HOOVES THUNDER DOWN THE WOODEN WHARF.|1
741|Regie|Sam and Merry shove off with the poles the ferry slides out into the river, just as the ringwraiths arrive. They pull up on the end of the wharf shrieking with rage. The Hobbits cover their ears. The Ringwraiths wheel their horses towards the north and Gallop away along the river bank, quickly disappearing into the fog.|1
747|Regie|Lights of Bree a small village of stone and half timbered houses nestled against a low wooded hill.|1
750|Regie|A thick hedge surrounds the village a great gate bars the western entrance.|1
752|Regie|FRODO, SAM, MERRY AND PIPPIN approaching the gatehouse wild eyes, ragged, and out of breath.|1
754|Regie|A SURLY GATEKEEPER glances down at them.|1
757|Regie|The gatekeeper swings his lantern onto the hobbits, bathing them in an uncomfortable yellow spotlight.|1
761|Regie|The Hobbits gratefully enter Bree the gatekeeper eyeing them curiously in the lantern light.|1
765|Regie|The tall BREE FOLK loom over the nervous little hobbits as Frodo, Sam, Merry and Pippin make their way through the Narrow Streets. Tall buildings tower above them lights glow dimly from behind thick curtains.|1
769|Regie|The sign of the "PRANCING PONY INN" Frodo, Sam, Merry, and Pippin hurry toward it.|1
772|Regie|Frodo, Sam, Merry and Pippin come rushing in. Frodo attracts the INN KEEPERS'S attention.|1
782|Regie|the noise, smokey Inn. It is dimly lit, cheifly from a blazing log fire and crowded with a mixture of BIG FOLK, LOCAL HOBBITS, and a couple of dwarfs. Frodo, Sam, Merry and Pippin are sitting at a table against the wall clearly trying to remain Quiet and inconspicuous Sam can't help himself he keeps casting nervous glances around.|1
786|Regie|Merry ploinks himself down at a table, carrying a very large mug of beer.|1
790|Regie|Sam watches Pippin rise unsteadily to his feet and head to the bar.|1
792|Regie|A COUPLE OF SWARTHY MEN leaning against the bar glance at Frodo, then quickly look away.|1
794|Regie|Sam indicates a BROODING STRANGER who sits alone at a table in the far corner, smoking a curiously carved long stemmed pipe, peering from beneath a travel stained cowl with gleaming eyes. Frodo gestures to Butterbur.|1
798|Regie|BENEATH TABLE FRODO'S fingers are nervously TOYING WITH THE RING.|1
801|Regie|FRODO|1
802|Regie|Sweat runs down his brow. The Strange hum of the Ring spills into the Soundtrack.|1
803|Regie|"Baggins Baggins " a creepy whisper seems to fill Frodo's head sound that dissolves into Pippin's loud voice|1
805|Regie|PIPPIN|1
806|Regie|sitting at the bar, chatting with Locals. Frodo leaps to his feet and pushes his way towards the bar.|1
808|Regie|Frodo grabs Pippin's sleeve, spilling his beer.|1
811|Regie|Pippin pushes Frodo away he stumbles backwards, and falls to the floor. At that instant, the Inn goes silent and all the attention turns to Frodo.|1
813|Regie|The ring in agonizing Slow motion we watch as it seems to hang in the air for a split second then crashes down onto his out stretched finger. FRODO VANISHES. There is a sharp intake of breath followed by total silence.|1
816|Regie|The RINGWRAITHS turn sharply in their saddles Instantly aware that the ring is being worn. They spur their horses towards the distant lights of Bree.|1
820|Regie|Sam looks sick Pippin instantly sobers, realizing his folly the brooding stranger frowns and the inn erupts into excited babble.|1
823|Regie|FRODO as he finds himself in the TWILIGHT WORLD of the ring THE EXCITED CROWD ARE suddenly moving in slow motion distorted voices a weird photographic negative quality. FRODO is moving in real time against the slow motion background. He suddenly clutches his head as he is hit with quick images of a GREAT EYE. AN EVIL CAT-LIKE EYE, wreathed in flames.|1
824|Regie|VOICE OF SAURON|1
825|Regie|There is no life here in the void only cold only death FRODO is terrified. He rolls under a table, desperately pulling the ring from his finger. FRODO MATERIALIZES into the real world. AT THAT MOMENT A LARGE HAND reaches under the table and Grabs Frodo by the collar, and DRAGS HIM AWAY.|1
828|Regie|Frodo is roughly pushed against the wall. The Brooding stranger looms over him.|1
832|Regie|Frodo is pushed into the Hobbit's room by Strider.|1
843|Regie|The door bursts open and Sam, Merry and Pippin appear on the doorway. Sam is Squaring off with is fists, Merry brandishes a candlestick, and Pippin a chair.|1
845|Regie|STRIDER SHEATHS his sword, a slight smile playing on his lips.|1
849|Regie|The gate keeper comes out of his Lodgings with a lantern a look of fear on his face. He approaches the closed gate with great apprehension. The Gatekeeper peers out of his Peephole.|1
850|Regie|CRASH.|1
851|Regie|The gate crashed down on the gatekeeper as four RINGWRAITHS ride into Bree.|1
855|Regie|The four RINGWRAITHS fly done the empty streets, like horsemen of the apocalypse.|1
857|Regie|the front door FLIES OPEN. The FOUR RINGWRAITHS rush into the PRANCING PONY with WICKED SWORDS DRAWN. BUTTERBUR hiding behind his bar trembling and sweating in TERROR.|1
859|Regie|MERRY SNORING SOFTLY ON HIS PILLOW.|1
860|Regie|PIPPIN stirs slightly, then settles back to sleep. the door creaks open THE FOUR RINGWRAITHS silently slide into the Hobbit's room. The LOOM above each bed, raising their SHINING SWORDS ABOVE THE SLEEPING HOBBITS. Sam's eyes open wide. In unison, the RINGWRAITS STAB THE HOBBITS, in a Slashing, hacking frenzy.|1
862|Regie|Strider is grimly listening to the sounds from his room.|1
864|Regie|the RINGWRAITHS step back from the slashed beds in triumph. a hacked blanket is pulled back to reveal nothing but a shredded pillow. The RINGWRAITHS SHRIEK WITH RAGE Sam sits up with a start. Another shredded pillow is revealed. More Shrieks of rage. PIPPIN AND MERRY wake with a start.|1
867|Regie|Sam, Merry, and Pippin have been sleeping on Strider's bed. Frodo stands next to Strider by the window, peering out nervously as furious Ringwraith screeches echo across the courtyard from the Hobbits room.|1
874|Regie|Strider looks from the window as the Ringwraiths gallop down the Bree Streets. Strider turns back to the Hobbits, his face lit faintly by the Glowing Embers of the Fire.|1
879|Regie|STRIDER, MERRY, PIPPIN, AND FRODO march through a gloomy, overgrown forest. Sam follows at the read leading "Bill", a scrawny pony, who is laden with supplies.|1
882|Regie|Frodo watches uneasily as Strider moves off into the cover of the trees.|1
891|Regie|SAM looks excited.|1
893|Regie|Strider leads the Hobbits through the gloom of the forest.|1
896|Regie|Strider leading Frodo, Sam, Merry, and Pippin across the windswept moors. The hobbits suddenly stop and unstrap their knapsacks.|1
901|Regie|Strider stares at Pippin blankly, then turns away, shaking his head.|1
905|Regie|An apple is thrown to Merry, who deftly catches it. Another, aimed at Pippin, catches him on the forehead.|1
909|Regie|The hobbits trudge through rain, looking tired, hungry, and miserable.|1
912|Regie|Saruman stands over the Palantir, his hands cupping the massive eye.|1
914|Regie|BLACK SPEECH FILLS THE ROOM ADMIST THE|1
915|Regie|HARSH, GUTTURAL WORDS THE VOICE OF SARUMAN EMERGES.|1
918|Regie|Saruman is seated as his ORC OVERSEER approaches.|1
923|Regie|GANDALF lying unconscious on a cold obsidian floor. He wakes to the sound of ripping and tearing rising onto his knees lifting his head Gandalf stands as the camera pulls back to reveal him stranded on the summit of Orthanc. He is marooned on the tiny, flat peak, surrounded on all sides by a sheer 500 FOOT DROP. Another whispering wail rends the air. Gandalf crosses quickly to the edge and peers down One of the beautiful Isengard trees is being ripped from the ground by the ORCS. Gandalf looks on in Horror as ORCS hack into the trunk with axes.|1
930|Regie|MORE AND MORE TREES are hauled down and killed as Gandalf looks on in helpless despair.|1
933|Regie|The rugged countryside as the hobbits journey on, lead by Strider. Strider stops before a distant hill, topped by an Ancient Ruin.|1
938|Regie|FRODO, MERRY, AND PIPPIN collapse into a small hollow, halfway up Weathertop they are muddy and exhausted. Stider drops 4 small swords at the Hobbits feet.|1
942|Regie|Frodo eyes flickering open. He suddenly sits up, sniffing the air. Sam, Merry, and Pippin huddled over a small fire Sausages and bacon sizzle in a hot frying pan.|1
950|Regie|A SUDDEN SHREIK.|1
952|Regie|FIVE RINGWRAITHS ON FOOT, running up the steep slope unnaturally fast.|1
954|Regie|Frodo, Sam, Merry and Pippin clamber desperately towards the summit, clutching their swords.|1
957|Regie|Frodo, Sam, Merry, and Pippin race into a RING OF BROKEN STONES on the summit or Weathertop the ruined base of an ancient tower. The hobbits stand back-to-back in the centre of the Ring, waiting for the first assault One by one, the 5 Ringwraiths appear brandishing Gleaming swords, they move slowly towards the hobbits. In the center is their leader the WITCH KING.|1
959|Regie|Sam rushes forward with a cry. He swings his sword at the Witch King, who blocks the blow with his own sword. Sam's blade shatters the WITCH KING lashes out with his fist, sending Sam flying. Merry and Pippin, overcome with terror, throw themselves flat on the ground. THE RINGWRAITHS close in on Frodo a Venomous whisper dances in his head.|1
960|Regie|Frodo shuts his eyes and staggers back, desperately resisting the WRAITH'S WHISPERINGS slow motion as his hand goes into his pocket and pulls out the ring. The 5 Ringwraiths utter a chilling SCREECH OF EXCITEMENT. Frodo is unable to resist any longer, falls to his knees and slips on the ring. He disappears.|1
967|Regie|Frodo finds himself in the weird twilight world he looks upon the Ringwraiths, now visible in their TRUE APPEARANCE Five Ghouls dressed in long Grey robes, with white hair, and Pallid, ruthless faces. THE WITCH KING extends a haggard hand towards Frodo, reaching for the ring on his finger. Frodo's trembling hand extends forward as if by the pull of the ring he slides to the ground, unable to pull his hand away. The witch king snarls and springs forward. He stabs at Frodo with a wicked dagger. Frodo winces as the tip of the dagger sinks into his shoulder. Suddenly, Strider charges at the RINGWRAITHS, wielding his sword in one hand, a flaming torch in the other. He moves in slow motion, visible through a sea of mist. Frodo sinks to the ground. Behind him is a faint image of a Ringwraith fleeing, his head engulfed in flames. With draining strength, Frodo manages to pull the ring off his finger.|1
969|Regie| Appearing back in the real world, Sam rushes over to him.|1
971|Regie|Another Ringwraith is burning and screaming others screech fearfully at the flames, turn and flee form the Weathertop summit.|1
973|Regie|Strider kneels before Frodo. He snatches up the Witch King's Dagger from the ground, staring gravely at the long, thin, blade.|1
981|Regie|Strider is jogging grimly, carrying an ailing Frodo on his back. Sam, Merry, and Pippin are running to keep up. The hobbits are carrying Flaming torches for protection.|1
988|Regie|Low angle looking up at ORTHANC the tower of Isengard, gleaming in the moonlight. The camera rises to reveal the once beautiful gardens are not a pitted wasteland with smoke and fire billowing out|1
989|Regie|of numerous tunnels and vent holes that litter the forecourt of ORTHANC. Strange guttural chants echo up from deep underground. The camera is rising a small moth flutters into shot and leads the camera towards the summit or Orthanc. Gandalf lies slumped against the wall at the very top of Orthanc, surrounded by a sheer 500 foot drop. He looks Weak and Frail and is seemingly asleep. The MOTH flutters close to Gandalf. His hand suddenly moves at lighting speed and SNATCHES THE MOTH. Gandalf brings his hand close to his face and opens it. The moth sits on the palm of his hand as Gandalf mutter strange words in a foreign tongue. THE MOTH'S face seemingly listening.|1
992|Regie|It suddenly flutters away. CAMERA FOLLOWS the moth off the Orthanc summit, but drops past the moth falling down, down, towards the pitted wasteland, straight into a fiery red tunnel.|1
994|Regie|The dead trees of Isengard are fed into roaring furnaces molten metal pours into casts red hot metal, beaten my sweating orc blacksmiths armor and weapons are forged from the great furnaces. Saruman strides among the ORCS and stands looking on a new born uruk-hai as it escapes its birthing membrane this is LURTZ, who rises up to stand before his master.|1
997|Regie|Frodo his eyes flicker open clouded, red- rimmed his brow, beaded with sweat.|1
1000|Regie|A DISTANT CRY of a RINGWRAITH carries through the air.|1
1002|Regie|Frodo gasps in sudden pain.|1
1013|Regie|Sam and Strider desperately search the dark forest floor for the Athelas plant. A small, white flowered plant. Strider drops to one knee, carefully pulling it from the ground.|1
1014|Regie|SUDDENLY. STRIDER FREEZES AS A SWORD BLADE TOUCHES HIS NECK.|1
1016|Regie|Strider slowly looks up.|1
1019|Regie|Frodo is breathing hard, desperately ill. Surreal impression a SHIMMERING FIGURE IN WHITE leaps off a horse.|1
1020|Regie|An ethereal vision of ARWEN, as she appears on the other side.|1
1027|Regie|ARWEN|1
1028|Regie|Who now appears in her earth bound form, a young Elven woman with tousled hair, dressed in mud-splattered riding clothes.|1
1038|Regie|Arwen reaches for Strider's hand looking deep into his eyes.|1
1044|Regie|Arwen mounts her horse, ALSFORTH.|1
1047|Regie|Arwen looks down at Strider as she supports Frodo with one hand.|1
1051|Regie|Asfaloth springs away, bearing Arwen and Frodo into the night.|1
1054|Regie|through the forest from the back of the White Horse.|1
1055|Regie|FRODO, BOUNCING IN THE SADDLE,|1
1056|Regie|he lifts his head weakly. SURREAL THE HORSES HEAD BOBBING trees sliding by moonlight flickers through the trees.|1
1059|Regie|of Arwen's white horse emerging from the trees and galloping across the open land as the sun rises.|1
1064|Regie|The white horse charges through a Pine Forest. Suddenly 2 Galloping Ringwraiths emerge from the trees behind. 2 more Ringwraiths slide in from different directions to join the chase. Arwen grits her teeth urges the white horse to greater speed.|1
1067|Regie|The white horse speeds out of the pine trees the 4 ringwraiths close behind 2 more ringwraiths galloping down the hillside. 3 MORE RINGWRAITHS enter frame from different directions a total of 9 RINGWRAITHS now pursuing Frodo and Arwen. Panting head of the WHITE ELVEN HORSE.|1
1071|Regie|As the White Horse races towards Camera, to Reveal the wide river Bruinen in the foreground.|1
1072|Regie|Without hesitation, the white horse leaps into the shallow water and thunders across the Ford. The 9 Ringwraiths pull up short of the Ford, clearly nervous of the water. The white horse reaches the other side Arwen pulls up and turns to defiantly face the Ringwraiths from across the Ford.|1
1075|Regie|THE WITCH KING SCREECHES ANGRILY, draws his sword, and leads the Ringwraiths across the Ford. The water starts flowing faster a distant rumble can be heard. Arwen waits until they are halfway across she suddenly stands in the saddle arms raised.|1
1078|Regie|THE GROUND SUDDENLY TREMBLES A MIGHTY ROAR FILLS THE AIR.|1
1079|Regie|Frodo looks up weakly to see a vast torrent of Water flooding down the river towards the ford as if a dam had burst. The Foaming water seems to form the shape of Dancing white horses with frothing manes. The Ringwraiths scream in terror as they are swallowed up in the deluge. Their Piercing cries are drowned in the roaring of the river as it carries them away. FRODO as he loses consciousness.|1
1081|Regie|Arwen gathers the small Hobbit in her arms, feeling his life slip away.|1
1083|Regie|DELIRIOUS IMAGES AND SOUNDS.|1
1085|Regie|A BRIGHT LIGHT suddenly flares Frodo squeezes his eyes shut, gasping.|1
1087|Regie|A FAMILIAR VOICE cuts through the swirl of sound.|1
1090|Regie|Frodo's eyes flicker Open He is lying in bed next to an Open Window Dappled sunlight plays on richly carved timbers the sound of a nearby waterfall drifts through the Vista of Fir Trees.|1
1094|Regie|GANDALF IS SITTING NEXT TO FRODO'S BED.|1
1095|Regie|softly puffing on his pipe. He smiles at Frodo.|1
1097|Regie|Frodo sits up, looking at Gandalf questioningly.|1
1100|Regie|Gandalf troubled. His eyes drift away.|1
1104|Regie|SARUMAN stands over Gandalf, gloating.|1
1106|Regie|With the power of his staff, Saruman raises Gandalf from the ground, then sends him crashing to the floor.|1
1108|Regie|SUDDENLY. GANDALF lurches to his feet and Throws himself off the Tower. Saruman watches Gandalf fly away from Isengard on the Back of a GIANT EAGLE.|1
1114|Regie|Gwaihir the Eagle soars majestically over the mountains, carrying Gandalf towards the dawn.|1
1117|Regie|Frodo raises himself up and looks at Gandalf.|1
1120|Regie|Sam runs to Frodo's bedside. He is overjoyed to find Frodo awake.|1
1125|Regie|bedside his face is neither old nor young, though in it is written the memory of many things both glad and sorrowful.|1
1129|Regie|RIVENDELL a small cluster of elegant Elven Buildings sitting in a Shangri-la like Valley below towering cliffs and snow capped mountains.|1
1136|Regie|Frodo and Sam walk together. Suddenly, the voices of Merry and Pippin can be heard as they bound up to Frodo and throw their arms around him.|1
1138|Regie|Sam looks past Frodo smiling a bent figure sits alone on a bench, in the Sun. Frodo turning, following Sam's gaze.|1
1142|Regie|BILBO BAGGINS. He breaks in to a broad grin as Frodo rushes forward to embrace him. Bilbo has aged significantly since we last saw him.|1
1145|Regie|LATER Frodo is turning the neatly inscribed title page of a red leather bound journal|1
1147|Regie|Bilbo smiles Proudly. He is sitting with Frodo on a terrace overlooking a Waterfall. Frodo looks at Page after page of beautiful Handwriting, with intricate Maps and Drawings.|1
1153|Regie|Frodo turns a page there before him, is a map of the Shire.|1
1158|Regie|Sam busily tries to stuff more and more things into his already full pack pots and pans, blankets, cooking utensils, provisions, clothes.|1
1161|Regie|Sam looks up, startled.|1
1175|Regie|Gandalf and Elrond watch Frodo and Sam from Elrond's balcony,|1
1184|Regie|Elrond turns and walks away.|1
1186|Regie|Gandalf turns and looks out the window.|1
1187|Regie|Sounds of arrivals Gandalf watches as Boromir rides through Rivendell gate, followed by Legolas and Gimli.|1
1192|Regie|With the broken sword, Isildur slices off Sauron's finger. Elrond reacts.|1
1196|Regie|ISILDUR PICKS UP THE RING AND STARES AT IT,|1
1197|Regie|ENTRANCED.|1
1203|Regie|ELROND AND ISILDUR STAND BEFORE THE FIRES OF|1
1204|Regie|MT. DOOM.|1
1206|Regie|ISILDUR CAPTIVATED BY THE RING.|1
1208|Regie|Isildur turns and walks away|1
1211|Regie|Elrond turns to Gandalf.|1
1220|Regie|Strider watches from the shadows as Boromir strolls through the darkened gallery. Boromir's eyes are drawn to an old Fresco on the wall depicting Isildur defeating Sauron. Boromir looks with Wonderment at Narsil, the Broken Blade of Elendil, which lies on a cloth-covered plinth.|1
1223|Regie|Boromir senses Strider's presence he looks from the blade to Strider, as if sensing a connection.|1
1226|Regie|Strider picks up the broken hilt, as Arwen appears behind him.|1
1235|Regie|Night falls upon the beautiful valley of Rivendell still and quiet.|1
1237|Regie|Strider and Arwen stand upon a stone bridge the Evenstar at Arwen's breast shines in the moonlight.|1
1240|Regie|Arwen reaches up and gently touches the Grey at Strider's temples.|1
1242|Regie|Arwen looks into Strider's eyes.|1
1251|Regie|Arwen closes Strider's fingers around the jewel.|1
1252|Regie|Arwen leans towards Strider, gently kissing him.|1
1255|Regie|Elrond addresses the council.|1
1257|Regie|Frodo sits amongst a council of free-peoples of Middle earth, Elrond stands before them, addressing Gandalf, Strider, Legolas, and 20 other elves, Dwarves, and men.|1
1259|Regie|Frodo steps forward and moves towards a stone Plinth. He places the ring on the plinth and returns to his seat.|1
1268|Regie|Strider says nothing and Boromir turns away dismissively. LEGOLAS stands.|1
1270|Regie|Frodo looks at Strider questioningly Boromir turns sharply.|1
1281|Regie|Gimli suddenly rushes forward. He swings his axe down on the ring. The axe shatters with a deafening crack. Gimli falls backwards, staring in disbelief at the ring unharmed. Frodo winces as an angry image of the fiery eye hits him. He slumps in this chair, clutching his forehead. Gandalf looks at him with concern.|1
1284|Regie|Stunned silence the council sits with downcast eyes, as if a great dread has descended on them. Boromir addresses the council in a quiet voice|1
1289|Regie|Gimli leaps to his feet.|1
1293|Regie|motion the angry faces, the shaking fists, the accusatory fingers, his eyes move across to the ring the hum grows louder in his head.|1
1295|Regie|THE RING fills the screen streams of blood flow across the surface flames flicker within the Gold Band.|1
1297|Regie|FRODO breathing rapidly, Caught in the grip of his hideous vision. With a huge effort or will, Frodo tears his gaze upon the ring. Frodo suddenly stands he speaks in a strong, clear voice.|1
1299|Regie|Sudden silence Frodo looks around the room at the astounded faces.|1
1307|Regie|Boromir looks at them all then walks towards Frodo.|1
1309|Regie|Boromir looks towards Elrond and Gandalf.|1
1311|Regie|Frodo stares in wonder as the Greatest Fighters in all Middle earth stand at his side.|1
1313|Regie|A Sudden Noise Sam pops up from behind a Bush.|1
1316|Regie|Merry and Pippin jump up from behind another bush.|1
1322|Regie|ELROND SURVEYS THE GROUP|1
1327|Regie|An old sword sliding out of a shabby leather Scabbard its polished, well tendered Blade glitters cold and bright.|1
1329|Regie|Bilbo offers Sting to Frodo.|1
1332|Regie|Bilbo unwraps a small shirt of close woven Mail.|1
1334|Regie|Frodo peels off his shirt revealing The Ring on the Chain around his neck.|1
1342|Regie|Bilbo sobs and Frodo moves to comfort him.|1
1346|Regie|The Fellowship climb the long steep path out of the cloven vale of Rivendell.|1
1350|Regie|The fellowship trekking through a land of Deep Valleys and turbulent waters the misty mountains rise sharply to their left.|1
1354|Regie|Sam at the campfire. The sound of clashing swords. Aragorn and Boromir are giving Pippin Sword tuition.|1
1363|Regie|GIMLI has managed to corner Gandalf.|1
1366|Regie|Boromir thrusts, catching Pippin on the hand. Pippin throws down his sword, kicks and lunges at Boromir, tackling him to the ground. Much laughter. Legolas' eyes are fixed on a distant Dark Patch which darts about the sky, like flying smoke in the wind.|1
1376|Regie|there is as a regiment of Large crows fly low overhead at Great speed, wheeling and circling above. As their dark shadow passes over the fellowship, a single harsh croak is heard and the crows suddenly wheel away, back towards the south. Gandalf staggers to his feet.|1
1378|Regie|Gandalf looks at Aragorn, turns to the others gesturing towards a high mountain pass.|1
1383|Regie|The Fellowship clamber through Rock and Snow. Frodo slips on some shale as he scrambles to his feet, the Ring falls on the ground the ring gleaming in the snow. Boromir's Hand picks it up by the chain he stands, the ring dangling before his eyes. He seems to grow in stature, as if absorbing its power. Aragorn warily approaches Boromir Boromir is motionless he stares at the ring, as if transfixed.|1
1391|Regie|Boromir smiles at Frodo, ruffling his hair. ARAGON unhands his sword.|1
1394|Regie|Following the crows as they race deeper and deeper, passing a vista of Industry, Hundreds of Orcs and writhing Birthsacks flying past Saruman, who stands upon a wooden Gantry. Saruman, listening to the Cries of the crows.|1
1399|Regie|THE FELLOWSHIP are struggling through a blinding blizzard, up towards the PASS OF CARADHRAS. Legolas the Elf moves lightly across the top of the snow he suddenly pauses. Saruman's voice sweeps by in the wind.|1
1402|Regie|THUNDER RUMBLES ROCK and Shale fall from above.|1
1408|Regie|GANDALF RAISES HIS STAFF HE CHANTS INTO THE WIND.|1
1412|Regie|CAMERA SWEEPS PAST SARUMAN he stands on the summit of Orthanc, Chanting. CLOUDS ARE FLOWING FROM ALL DIRECTIONS converging on the distant mountains in a stormy Malestrom.|1
1414|Regie|Saruman's voice strengthens rolling past the fellowship like thunder. A LIGHTNING CRACK explodes on the mountainside above them. Frodo looks up in horror as a huge snow avalanche thunders down towards them. The Fellowship throw themselves against the cliff face as snow crashes onto the narrow ledge. LEGOLAS pulls Gandalf to safety. Aragorn shields Frodo and Sam as snow piles around them. Within moments, the pass is blocked and the fellowship are enveloped in snow. Boromir and Aragorn frantically dig for the hobbits who are pulled out Shivering and Fearful.|1
1423|Regie|FRODO, the weight of the decision weighing heavily upon him. MERRY and PIPPIN shivering in Boromir's arms.|1
1425|Regie|Frodo meets Gandalf's eye.|1
1430|Regie|The Fellowship are walking along the far shore of dark lake directly below great looming cliffs.|1
1432|Regie|Footing is treacherous on the narrow strip of green and greasy stones. Gandalf touches the smooth rock wall between the trees slowly, faint lines appear like slender veins of luminous silver running through the stone.|1
1434|Regie|A large moon rises over the mountains The lines grow Broader and Clearer, forming a glowing arch of interlacing ancient letters and symbols.|1
1441|Regie|Gandalf raises his arms.|1
1443|Regie|The cliff towers into the night, the wind blows cold, Frodo shivers and the door stands fast.|1
1445|Regie|GANDALF CONTINUES.|1
1446|Regie|Mumbling spells in his efforts to open the door. Sam packs pots and pans at his feet watching sadly as Aragorn un- saddles Bill the pony. ARAGORN whispering to Bill the Pony.|1
1451|Regie|SPLASH. Merry and Pippin are tossing stones into the lake. Black Rippling rings slowly fan out. Pippin is about to throw another stone, but Aragorn grabs his arm.|1
1455|Regie|Aragorn watches anxiously as the Ripples appear to grow he exchanges a look with Boromir.|1
1456|Regie|Aragorn's hand creeps towards his sword. Gandalf gives up in despair he sits down beside Frodo. Frodo peers at the Elvish inscription his face breaks into a smile of comprehension.|1
1458|Regie|Gandalf raises his eyebrows.|1
1461|Regie|With that, the rock face silently divides in the middle and two great Doors swing outwards revealing a blackness deeper than the night. As the Fellowship enter the Blackness, something in the water stirs.|1
1463|Regie|The Fellowship step warily into the darkness of Moria a Dank cavern, with winding steps leading deeper into the mountain.|1
1465|Regie|A Glow from Gandalf's Staff suddenly lights the chamber The Fellowship recoil in Horror. Many dwarf Skeletons are strewn about, clearly the dead of some old battle the rusting armor and shields are peppered with arrows and axes.|1
1472|Regie|The Fellowship draw swords and back away, towards the Entrance.|1
1475|Regie|Frodo is suddenly PULLED TO THE GROUND. A long sinuous Tentacle is wrapped around Frodo's ankle and is dragging him towards the lake. FRODO CRIES OUT as Aragorn and Boromir rush forward. Aragorn severs the Tentacle holding Frodo, and pulls him to safety Boromir hacks at the other Writhing Limbs. 20 more tentacles ripple out of the Lake. The dark water Boils as the hideous beast lashes out at the FELLOWSHIP. Again the creature grabs Frodo and pulls him to the lake, Frodo is flung in the air as the Fellowship battle the creature. Aragorn hacks at a tentacle Frodo is released, falling into Boromir's arms.|1
1478|Regie|Legolas shoots an Arrow into the creature's head, gaining a few vital seconds for Aragorn and Boromir as they race out of the water with Frodo. The FELLOWSHIP hurriedly back away from the Creature retreating into the Moria Chamber as many Coiling arms seize the large doors.|1
1480|Regie|With a shattering echo, the creature rips the doors away, creating a rock slide that crashes down the Cliff Face. Within seconds, tons of rock seal the doorway throwing the Fellowship into Pitch Blackness.|1
1488|Regie|the Fellowship crossing a precarious bridge above deep mine workings.|1
1491|Regie|They continue up a steep stair, passing through a dwarf cemetery. The graves are despoiled dwarf skeletons are strewn about and Goblin Graffiti is scrawled on monuments in dried Dwarf blood. The Atmosphere is very sinister.|1
1494|Regie|The path splits into three passages each disappearing into dark tunnels. Gandalf pauses, frowning.|1
1496|Regie|LATER The Fellowship are nervously waiting while Gandalf sits, staring intently at the 3 tunnel mouths in front of him. He appears to be in some kind of trance.|1
1497|Regie|FRODO|1
1498|Regie|He turns at the sound of a faint noise down the tunnel behind them.|1
1507|Regie|a sudden glimpse of a creature darting in the darkness. Frodo is nervous he approaches Gandalf.|1
1512|Regie|TEASING SHOT and emaciated, leering creature.|1
1516|Regie|Gollum's withered fingers are gripping the cave wall he is large, Luminous eyes blinking with malice.|1
1531|Regie|The Fellowship pass under an arched doorway into a black and empty space. Gandalf pauses.|1
1533|Regie|blazes like a silent Flash of Lightning. Great shadows spring up and flee.|1
1535|Regie|their heads, upheld by many mighty pillars hewn of stone. Before them stretches a huge empty hall, with black walls, polished and smooth as glass.|1
1537|Regie|Ahead of them, a wooden door has been smashed. Black arrows are embedded in the timbers. Two goblin skeletons lie in the doorway. Gimli rushes ahead.|1
1541|Regie|Gimli rushes into another vast empty chamber lit with a narrow shaft of sunlight, beaming in from a small hole near the roof. Dwarf and Goblin skeletons are piled high. In the far corner sits a stone walled Well. A shaft of light falls directly onto a stone table in the middle of the room a single oblong block, about 4 feet high, topped with a great slab of white stone. Gimli falls to his knees.|1
1543|Regie|Gimli sobs.|1
1544|Regie|Gandalf quietly reads an inscription of runes, carved onto the white stone slab.|1
1548|Regie|Gandalf carefully lifts the rotting remains of a book from the white stone slab. It has been slashed and stabbed and appears to be covered in Dried Blood. The pages crack and break as he opens it.|1
1551|Regie|Unnerved, Pippin backs away nervously He stumbles against the well, sending a precariously balanced Armored skeleton tumbling in. Merry reaches out, Grabbing hold of Pippin before he falls. The Fellowship freeze in stunned silence as the armored skeleton clatters down the deep well echoing loudly.|1
1553|Regie|Gandalf turns angrily on Pippin.|1
1555|Regie|PIPPIN, CHASTENED.|1
1556|Regie|They fall silent. A low rolling boom rises from the depths below growing louder BOOM BOOM as if the caverns of Moria were turned into a vast drum. A great horn blasts nearby Answering horns running feet harsh cries Sam's eyes glance at Frodo's belt.|1
1564|Regie|Aragorn and Boromir slam and wedge the doors. Boromir catches sight of something he turns to Aragorn with shock in his eyes.|1
1566|Regie|Gimli snatches up two rusty dwarf axes and leaps onto the tomb.|1
1568|Regie|BOOM. The Door bursts open in a shower of wood fragments, and 20 Goblins charge into the tomb, followed by a huge cave troll. Gimli ducks a blow and immediately buries his Axes in 2 Goblin helmets. Aragorn and Boromir wade into the mass of Goblins with their swords. Legolas fires deadly arrows into Goblin throats, desperately trying to Shield the Hobbits. Gandalf is clutching his sword and joins in the battle. The cave troll is sweeping his club at Aragorn who stumbles backwards the huge club descends for the killing blow suddenly, in a flash of steel, Boromir's long sword slices into the Scaly arm of the troll it rears back, spewing green blood. Sam is backing up against a wall a sword in one hand, a saucepan in the other. In desperation he swings wildly at a Goblin with a saucepan. It keels over Sam looks surprised. He wallops another Goblin and it too, drops.|1
1570|Regie|The Cave Troll lunges forward, thrusting at Frodo's chest with his spear.|1
1577|Regie|The hobbits go crazy. Sam slashes at the cave troll's knee, bringing him down Merry and Pippin jump on him Legolas fires an arrow and the cave troll topples, dead. Aragorn rushes to Frodo's side as he slumps to the floor Frodo appears to be dead. Gandalf, Aragorn, Hobbits looking horrified Suddenly Frodo coughs takes a huge breath.|1
1582|Regie|Frodo open his shirt to reveal the Mithril Vest. The Troll Spear did not pierce the mithril."|1
1584|Regie|BOOM. BOOM. BOOM the sound of the drums rings out again. Gandalf turns to the others.|1
1588|Regie|Gandalf leads the fellowship into the huge Dwarrowdelf Chamber.|1
1595|Regie|A HUGE SHADOW, surrounded by flame, falls across the hall the ground shakes an unearthly sound rumbles.|1
1599|Regie|The BALROG, a massive creature rises from a chasm, a great 40 foot man-beast, with a mane of flames. In one hand is a blade like a stabbing tongue of fire in the other, a WHIP of many thongs. Aragorn leads the fellowship to the top of a dizzying stairway Gandalf follows, leaning heavily on his staff. Aragorn looks at Gandalf, concerned.|1
1601|Regie|Aragorn hesitates Gandalf looks at him.|1
1603|Regie|THE FELLOWSHIP race down the stairway, Aragorn picks up Frodo leaping across a gaping chasm. A NARROW BRIDGE, spanning a bottomless pit Gandalf yells to the others Aragorn makes to throw Gimli across the Chasm.|1
1609|Regie|The Fellowship run into a hall the floor is split with fissures that spit flame.|1
1611|Regie|They race towards the slender bridge of stone without kerb or rail at the far end of the hall. The Fellowship recklessly hurry over the dizzying bridge but Gandalf the last pauses in the middle of the span he faces the Balrog staff in one hand Sword in the other. Frodo looks back in horror|1
1615|Regie|Frodo watches as the Balrog puts one foot on the bridge and draws up to Full Height, wings spreading from wall-to-wall. Gandalf is a tiny figure, balanced precariously on the narrow bridge.|1
1617|Regie|flame Gandalf blocks with his sword a ringing clash and the Balrog's sword shatters into molten fragments.|1
1619|Regie|GANDALF CRIES ALOUD as he summons up his LAST RESERVES OF STRENGTH.|1
1622|Regie|He thumps the bridge with his staff a blinding sheet of white flame springs up the staff shatters the bridge breaks right at Balrog's feet. The stone bridge drops away into the gulf from under the Balrog. For a moment, the great Beast remains poised in the air then it plunges down in slow motion Relief floods Frodo's face Gandalf remains trembling on the lip of the broken bridge. As the Balrog falls, he lashes out with his whip of fire The thongs of the whip lash and curl around Gandalf's knees, dragging him over the brink. Gandalf just manages to hand on by his fingertips|1
1625|Regie|Gandalf lets go his grip and falls away following the Balrog into the bottomless Abyss. Frodo cries out. Boromir scoops him up and carries him away.|1
1628|Regie|They rush towards an archway.|1
1631|Regie|The Fellowship tumble out of the Great Eastern Gate on to a grassy sunlit hillside. Sam, Merry, and Pippin fall slowly to the ground, Sobbing Aragorn turns to Legolas and Gimli.|1
1638|Regie|FRODO SLOWLY TURNS a look of numb shock on his devastated face. The Fellowship marches on.|1
1641|Regie|Aragorn scours ahead of the company, as they stumble on in the fading light in the distance the shimmer of a large forest can be seen Lothlorien.|1
1643|Regie|The fellowship run across a forest floor strewn with yellow flowers above is a roof of golden leaves, held up by silver pillars the trunks of huge, grey trees. Gimli looks nervously around.|1
1645|Regie|Frodo hesitates a STRANGE VOICE whispers in his head.|1
1659|Regie|Haldir's eyes lock onto Frodo.|1
1663|Regie|Haldir leads the Fellowship onto a Hill Top. They look with wonderment at the vista spread before them.|1
1664|Regie|Several miles towards the South, a Large Hill rises out of the woods. Upon the hill rise many mighty Mallorn Trees, taller than any others Nestled high in the crown of the mallorns is a Beautiful City. It Gleams in the low rays of the late afternoon sun green, gold, and silver. To the east of Caras Galadhon, the Woods of Lorien run down the pale gleam of Anduin, the great river. Beyond the River, the land appears flat and empty, formless and vague, until far away, it rises again like a dark and dreary wall. The Sun that lies on Lothlorien has not power to enlighten the shadows that lie beyond.|1
1669|Regie|THE FELLOWSHIP|1
1670|Regie|step onto a wide fleet filled with a soft light. The walls are green and silver, the roof gold and in its midst is the trunk of the might Mallorn tree, now tapering toward its crown. Celeborn steps forward to greet the guests. His hair is long and silver, his face grave and beautiful, with no sign of age upon it. Next to him stands Galadriel, the Lady of the Elves. She has hair of deep gold and timeless, unsurpassed beauty. Celeborn looks hard at Aragorn.|1
1672|Regie|Frodo looks at Galadriel, standing silently beside Celeborn.|1
1675|Regie|Galadriel's eyes settle on Sam.|1
1678|Regie|side Powerful, divine no longer of this world a Piercing white light surrounds her.|1
1684|Regie|Gimli, Legolas, Merry, Pippin, Frodo and Sam are in a pavilion set among the trees near the fountain. They lie on soft couches as Elves leave food and wine for them. MOURNFUL SINGING drifts down from the trees above.|1
1689|Regie|Moonlight catches the trace of tears on Boromir's face. Aragorn kneels down beside him.|1
1692|Regie|BOROMIR looks at ARAGORN in despair.|1
1699|Regie|Aragorn returns Boromir's smile betraying his disquiet sadness only when Boromir looks away.|1
1701|Regie|LATER.|1
1702|Regie|The Fellowship are asleep on their beds. Gimli is snoring loudly. BARE FEET tread soundlessly across the lawn. Frodo's eyes flicker open as if by instinct. GALADRIEL, her White dress glowing in the moonlight, glances at him. Frodo follows her as if drawn by an invisible force.|1
1705|Regie|Upon a low stone pedestal, carved like a branching tree, sits a shallow Silver Basin. Galadriel leads Frodo into the small Glade.|1
1708|Regie|Galadriel pours water into the basin from a silver jug a glow rises from the water.|1
1710|Regie|Frodo slowly steps up to the pedestal he peers into the glossy surface. The night sky is reflected into the water suddenly a figure takes form the bowed figure of an old man, clad in white robes. He walks down a long road. Frodo leans closer to the mirror's surface.|1
1713|Regie|GANDALF LIFTS HIS HEAD AND LOOKS DIRECTLY AT FRODO.|1
1714|Regie|FRODO gasps, his face lighting up with hope.|1
1716|Regie|Gandalf looks at Frodo with a fierce intensity. Frodo reaches out his hand toward the surface of the mirror. Suddenly the image flares, burning out to white. The vision shifts Frodo gasps in horror. The Shire is in ruins. The image suddenly widens to fill the screen buildings burning bodies strewn about Dark Shapes of ORCS looting and destroying Bag End, billowing in flames. The Party tree is hacked down. Frodo reels back as the mirror seems to grow the nightmarish image sweeps past his head, engulfing him entirely.|1
1717|Regie|Hobbiton now an Industrial wasteland. The fields and trees destroyed replaced with Brick factories belching smoke. ORCS brutally herd manacled Hobbits into the Factories. We see Sam Merry and Rosie Cotton. Soot- stained and sobbing, they disappear into the factory hell- hole. Suddenly, the mirror goes dark and out of the black abyss a single eye grows. FRODO IS FROZEN. Unable to move or cry out. The ring dangles from his neck, inches above the water not shimmering with curls of steam. Fire erupts around the eye With a Yell, Frodo pushes himself away from the pedestal and collapses on the ground. Light instantly fades from the mirror. Frodo comes to his senses he is shocked. Galadriel stands still as a statue, unmoved, untouched by the horror.|1
1719|Regie|Galadriel looks at Frodo intensely Frodo looks down in his hand he is clutching the ring. Frodo looks up at Galadriel.|1
1725|Regie|Galadriel suddenly seems to rise in stature before Frodo's eyes. Frodo is suddenly afraid of her.|1
1727|Regie|Galadriel suddenly laughs a slender Elf-woman once more, clad in simple white, her voice soft and sad.|1
1731|Regie|Frodo realizes what her message is.|1
1734|Regie|The Ring lies in the palm of Frodo's hand his fingers close over it.|1
1739|Regie|Naked, Lurtz's eyes follow Saruman, alight with a mean intelligence.|1
1743|Regie|LURTZ is quickly armored Breastplate Leg guards, Helmet a sword is thrust in Lurtz's hand. The URUK- HAI are smearing themselves in white paint a creepy ritualistic ceremony the white hand of Isengard is smeared on bodies, faces, and armor. SARUMAN address a crowd of 200 fully armed URUK-HAI.|1
1747|Regie|Lurtz is leading 200 URUK-HAI out of Isengard they run fast, their powerful legs carrying them at speed.|1
1749|Regie|The Fellowship are in small elven boats. They row away from the Lothlorien Shore into the Silverlode river. Elves quietly watch them depart. Galadriel gives Frodo a small Crystal Phial.|1
1756|Regie|The boats pass into the great river Anduin. The Three Elven boats carry the Fellowship steadily southward. Green trees slowly give way to a brown and withered land.|1
1758|Regie|The Uruk forces are running through the trees with deadly purpose.|1
1760|Regie|A flock of birds circle high above, Black against the pale sky. Aragorn watches them with concern.|1
1762|Regie|The Three Elven boats drift slowly through the steep rocky gorge in the Pre-dawn light. ARAGORN, slowly paddling in the stern.|1
1764|Regie|Frodo slowly looks up, his eyes widening with amazement. Two enormous rock statues, towering like 300 foot pinnacles on either side of the river carved images of Gondorian kings of old. They loom over the boats with power and majesty.|1
1766|Regie|Aragorn strangely moved by the beauty of the silent sentinels. He speaks, almost as if to himself.|1
1768|Regie|The fellowship stare in stunned silence as the current takes them through the narrow gap between the Statues' feet.|1
1773|Regie|THE FELLOWSHIP|1
1774|Regie|As they leap out of the boats and clamber onto the wooded shore.|1
1779|Regie|Legolas turns to Aragorn with urgency.|1
1783|Regie|Legolas casts a glance around into the Parth Galen forest.|1
1789|Regie|Sam sits up with a start Aragorn's head snaps round his eyes fly to Boromir's shield which lies abandoned by his camp bed. ARAGORN as he realizes Boromir has gone.|1
1791|Regie|Frodo is walking beneath the trees lost in thought. His feet hit the rough edge of an ancient stone slab his eyes follow an overgrown path towards stone stairs leading to the summit of Amon Hen the seeing seat. A CRACKLING SOUND. Frodo freezes.|1
1793|Regie|Frodo turns slowly he stares at Boromir, tense, cautious.|1
1795|Regie|Frodo stands silent for a moment the murmur of the Wind in the trees and the distant roar of the falls of Rauros can be heard|1
1799|Regie|Boromir has started forward towards Frodo, he pulls himself up.|1
1807|Regie|Frodo steps hurriedly away from Boromir.|1
1811|Regie|Frodo turns to leave.|1
1813|Regie|Boromir leaps on top of Frodo, grasping for the ring. Frodo has only moments to act. Frodo rips the ring from around his neck and rams it on his finger.|1
1820|Regie|FRODO races through the misty twilight world, past the foggy shapes of twisted trees. Somewhere behind him, Boromir's distraught voice carries from another dimension|1
1822|Regie|Frodo suddenly finds himself on the stone steps he clambers up the stairs, onto a high seat, perched on four stone pillars. Frodo cowers on the seat, like a lost child upon the throne of mountain kings. The world of mist swirls around him. Frodo peers out from the seat the world seems to shrink. In all directions, Views of far off lands telescope towards him through the mist. ORCS spilling out of holes in the misty mountains flames rising from Mirkwood grim faced easterlings march to war black ships sailing into the south. All the power of the Dark Lord is in motion. Frodo moves his gaze towards the east fire explodes against the smoke, as a huge mass of black battlements fills Frodo's vision. A mountain of iron, immeasurably strong, tower of adamant Barad-dur, FORTRESS OF SAURON.|1
1823|Regie|SUDDENLY. SAURON'S EYE LEAPS TOWARD FRODO LIKE A FINGER OF|1
1824|Regie|LIGHT.|1
1827|Regie|They will fall. Frodo leaps off the seat, and tumbles down the stairs. The eye sweeps Amon Hen like a searchlight, seeking its ring. With a huge effort, Frodo wrenches the ring off his finger.|1
1829|Regie|Frodo lies gasping on the summit of Amon Hen below the ancient ruins of the seeing seat.|1
1832|Regie|AT THAT MOMENT A BLACK BOOT STEPS INTO SHOT.|1
1833|Regie|Frodo looks up as Aragorn towers over him.|1
1837|Regie|Frodo backs away from Aragorn Aragorn is shocked by the movement.|1
1841|Regie|Frodo uncurls his fist in is palm lies the ring. It glints, gold and beautiful in the afternoon sun Aragorn's eyes are drawn to it.|1
1845|Regie|Aragorn freezes. He draws his sword.|1
1847|Regie|Frodo hesitates.|1
1852|Regie|Frodo backs away into the trees as 200 URUK-HAI SWARM onto Amon Hen behind Aragorn.|1
1853|Regie|Aragorn attacks the leading URUK-HAI like a madman he brings two down with his sword leaping into the ruins as others close in on him. Frodo scrambles down the hillside, away from the fight. Aragorn battles the URUK-HAI, amongst the pillars and blocks of Amon Hen. Despite his bravery, he is quickly surrounded SUDDENLY ELVEN ARROWS smash into the URUK-HAI. Legolas races out of the woods, firing his bow. Gimli leaps into the battle, wielding his might axe.|1
1855|Regie|Frodo is darting down the steep hillside as heave feet thunder down behind him.|1
1857|Regie|Sam looks around for Frodo. LURTZ ordering his URUKS.|1
1859|Regie|Frodo stumbles and falls quickly he crawls behind a tree above him the sound of Uruk-Hai crashing through the forest rings out.|1
1861|Regie|Frodo turns to see Merry and Pippin hidden in a hollow, a few feet away.|1
1864|Regie|Frodo looks at his friends slowly shakes his head, a great sadness in his eyes.|1
1871|Regie|Pippin stands and makes a move toward Frodo Merry grabs at his arm.|1
1873|Regie|THE ECHO OF BOROMIR'S HORN reaches Aragorn, Legolas, and Gimli they are battling their way down the Slopes towards the lake.|1
1876|Regie|Aragorn desperately slashes his way towards Boromir, felling URUK-HAI in his path while Legolas and Gimli fight a rear guard action. MANY URUK-HAI fall to Boromir's sword as he tries to protect Merry and Pippin.|1
1878|Regie|Lurtz takes aim. A black arrow suddenly thuds into Boromir's chest. Amazingly, Boromir continues fighting, but another arrow and another, brings him to his knees. Merry and Pippin are scooped off their feet by URUK-HAI.|1
1880|Regie|Lurtz aims his bow at Boromir's heart suddenly Aragorn charges at him, smashing the Bow with his sword. They lock into a deadly battle. Aragorn cuts Lurtz down and races towards Boromir, who lies slumped against a tree URUK-HAI arrows sticking out of his chest. At least 20 dead URUK-HAI lie heaped around Boromir. His horn lies at his feet Cloven in two.|1
1886|Regie|Boromir holds Aragorn's gaze.|1
1894|Regie|Aragorn places Boromir's sword in his hand. Boromir's fingers tighten around the hilt.|1
1901|Regie|On the lakeshore Frodo stands in front of one of the Elvish Boats, the ring in his palm. A distraught Sam running as hard as he can through the forest.|1
1903|Regie|Frodo looks to the far side of the river the camera moves in on the ring.|1
1905|Regie|Tears fall down Frodo's face.|1
1907|Regie|With renewed determination, Frodo tucks the ring inside his vest pocket. The small figure of Frodo pushing the Elvish boat into the water Sam bursts through the trees and runs toward the lake Frodo is already paddling away.|1
1909|Regie|shore tears in his eyes the voice of Sam carried on the wind. Frodo whispers to himself|1
1911|Regie|Sam looks at the water then at the boat.|1
1912|Regie|SPLASH. FRODO turns to see Sam launching himself into the water.|1
1917|Regie|Sam splashes hopelessly toward the boat.|1
1920|Regie|Sam starts to go under, spluttering and coughing Frodo drops his paddle and scrambles backwards in the boat.|1
1922|Regie|Sam is underwater hands flailing helplessly as he sinks. Frodo's hand grasping Sam's Frodo pulls a bedraggled and half drowned Sam into the boat. Frodo and Sam look at each other, out of breath, tears and water streaming down both their faces.|1
1925|Regie|Frodo starts to laugh through his tears the two friends hug.|1
1927|Regie|The two Hobbits row through the water.|1
1929|Regie|Looking down on swiftly flowing water Boromir's body slides under camera.|1
1930|Regie|He is lying in one of the boats, his arms across his chest his broken horn at his side. Suddenly the boat drops away from camera as it plunges over the massive falls of Rauros, disappearing into the vapor below.|1
1934|Regie|Aragorn looks towards the far shore Frodo and Sam's small Boat can be seen lying on the distant Riverbank as Frodo and Sam make off into the forest beyond. He doesn't react. Legolas turns and looks at Aragorn.|1
1939|Regie|Aragorn pulls a HUNTING KNIFE out of his pack and straps it on.|1
1943|Regie|Aragorn, Legolas, and Gimli disappear into the Woods, following the URUK-HAI trail.|1
1945|Regie|Frodo and Sam scramble onto a high ridge.|1
1946|Regie|A distant line of Saw toothed mountains below a dark, oppressive sky. Black volcanic smoke rises behind the mountains MORDOR.|1
1955|Regie|Frodo looks at Sam with great affection despite the grim outlook, Sam is undeterred.|1
1957|Regie|THE TWO HOBBITS SETTING OFF TOWARD MORDOR.|1
1958|Regie|THE END|1
